省份,行政区划代码,cluster,cluster_label,核心特征摘要,地区生产总值_均值,地区生产总值_最新年值,地区生产总值_首年值,地区生产总值_变化量,地区生产总值_变化率,地区生产总值_线性趋势斜率,地区生产总值_标准差,地区生产总值_变异系数,人均可支配收入_地区总计_均值,人均可支配收入_地区总计_最新年值,人均可支配收入_地区总计_首年值,人均可支配收入_地区总计_变化量,人均可支配收入_地区总计_变化率,人均可支配收入_地区总计_线性趋势斜率,人均可支配收入_地区总计_标准差,人均可支配收入_地区总计_变异系数,人均消费支出_地区总计_均值,人均消费支出_地区总计_最新年值,人均消费支出_地区总计_首年值,人均消费支出_地区总计_变化量,人均消费支出_地区总计_变化率,人均消费支出_地区总计_线性趋势斜率,人均消费支出_地区总计_标准差,人均消费支出_地区总计_变异系数,地区居民消费价格指数_总指数_均值,地区居民消费价格指数_总指数_最新年值,地区居民消费价格指数_总指数_首年值,地区居民消费价格指数_总指数_变化量,地区居民消费价格指数_总指数_变化率,地区居民消费价格指数_总指数_线性趋势斜率,地区居民消费价格指数_总指数_标准差,地区居民消费价格指数_总指数_变异系数,地区居民消费价格指数_食品_均值,地区居民消费价格指数_食品_最新年值,地区居民消费价格指数_食品_首年值,地区居民消费价格指数_食品_变化量,地区居民消费价格指数_食品_变化率,地区居民消费价格指数_食品_线性趋势斜率,地区居民消费价格指数_食品_标准差,地区居民消费价格指数_食品_变异系数,地区居民消费价格指数_粮食_均值,地区居民消费价格指数_粮食_最新年值,地区居民消费价格指数_粮食_首年值,地区居民消费价格指数_粮食_变化量,地区居民消费价格指数_粮食_变化率,地区居民消费价格指数_粮食_线性趋势斜率,地区居民消费价格指数_粮食_标准差,地区居民消费价格指数_粮食_变异系数
重庆,500000,0,中等经济水平-上升型,地区生产总值_最新年值=32193.20；人均可支配收入_地区总计_最新年值=39713.00；人均消费支出_地区总计_最新年值=27451.00；地区居民消费价格指数_总指数_最新年值=100.20,13491.728000000001,32193.2,1822.1,30371.100000000002,16.66818506119313,1352.4815384615604,9957.12033200443,0.7380166819257273,17293.2132,39713.0,3414.0,36299.0,10.632396016403046,1584.6273230769489,11668.485295056156,0.6747436211019567,12857.652000000002,27451.0,2866.0,24585.0,8.578157711095603,1091.4623384615556,7993.218786040076,0.6216701763308009,101.728,100.2,96.7,3.5,0.03619441571871768,0.00892307692307109,1.9850481102482118,0.019513291426629952,103.77199999999999,99.1,93.1,6.0,0.0644468313641246,-0.03753846153847571,5.894235828332626,0.05679986728917845,103.28800000000001,99.0,85.3,13.700000000000003,0.160609613130129,-0.1743076923077137,7.671626685390784,0.07427413334938021
湖南,430000,0,中等经济水平-上升型,地区生产总值_最新年值=53231.00；人均可支配收入_地区总计_最新年值=37679.00；人均消费支出_地区总计_最新年值=26760.00；地区居民消费价格指数_总指数_最新年值=100.50,23261.212000000003,53231.0,3551.5,49679.5,13.988314796564831,2213.226538461574,16188.23338196778,0.6959324983568259,16614.7144,37679.0,3345.0,34334.0,10.264275037369208,1500.9588692307932,11036.875503957841,0.6642831912872267,12347.4228,26760.0,2917.0,23843.0,8.173808707576278,1045.4051230769394,7662.745243262376,0.6205947076876946,102.09200000000001,100.5,101.4,-0.9000000000000057,-0.00887573964497047,-0.034461538461541666,1.8207514932027373,0.017834418888872165,104.04000000000002,100.4,98.4,2.0,0.02032520325203252,-0.08830769230770327,5.133341991334691,0.04934008065488937,103.66400000000002,100.8,87.2,13.599999999999994,0.1559633027522935,-0.08961538461540422,7.0767156223773755,0.06826589387229293
湖北,420000,0,中等经济水平-上升型,地区生产总值_最新年值=60013.00；人均可支配收入_地区总计_最新年值=36947.00；人均消费支出_地区总计_最新年值=27888.00；地区居民消费价格指数_总指数_最新年值=100.40,25300.115999999995,60013.0,3545.4,56467.6,15.927004005189822,2483.56700000004,18230.32004543376,0.7205627059351729,16622.639199999998,36947.0,3608.0,33339.0,9.24029933481153,1471.0392538461774,10786.614410576442,0.6489110592363962,12391.4504,27888.0,2839.0,25049.0,8.823177175061641,1092.6587769230946,8067.269542130586,0.6510351316203135,102.13600000000001,100.4,99.0,1.4000000000000057,0.0141414141414142,-0.018384615384619187,1.8624457039065603,0.01823495832915485,104.11999999999998,100.1,97.6,2.5,0.025614754098360656,-0.06515384615385734,5.0840928394355664,0.04882916672527437,103.36399999999999,100.0,83.3,16.700000000000003,0.20048019207683077,-0.06707692307694364,7.642820421807644,0.07394083454401576
安徽,340000,0,中等经济水平-上升型,地区生产总值_最新年值=50625.20；人均可支配收入_地区总计_最新年值=36782.00；人均消费支出_地区总计_最新年值=24996.00；地区居民消费价格指数_总指数_最新年值=100.50,20998.188,50625.2,3125.3,47499.899999999994,15.198508943141455,2065.7096923077256,15224.526053531386,0.725039991714113,15701.288,36782.0,2891.12,33890.88,11.722405157862696,1474.1032769231006,10858.767441505688,0.6915845019533231,11117.801599999999,24996.0,2120.0,22876.0,10.790566037735848,1007.2027923077083,7393.421390628119,0.6650074948835316,101.99600000000001,100.5,100.7,-0.20000000000000284,-0.001986097318768648,-0.016230769230772414,1.7961024469667644,0.017609538089403156,104.12,100.2,97.2,3.0,0.030864197530864196,-0.060384615384627374,4.903794449199516,0.04709752640414441,104.13599999999998,100.0,85.0,15.0,0.17647058823529413,-0.22930769230771483,9.02063767147312,0.08662362364094185
江西,360000,0,中等经济水平-上升型,地区生产总值_最新年值=34202.50；人均可支配收入_地区总计_最新年值=36007.00；人均消费支出_地区总计_最新年值=24726.00；地区居民消费价格指数_总指数_最新年值=100.50,14462.143999999998,34202.5,2003.1,32199.4,16.074784084668764,1415.7103076923304,10405.766540839939,0.7195175584505271,15750.764000000001,36007.0,2972.0,33035.0,11.115410497981157,1441.4937230769463,10600.42036419424,0.6730099164836855,10706.351999999999,24726.0,2240.0,22486.0,10.038392857142858,943.5849461538614,6954.16305456868,0.6495361869821468,101.988,100.5,100.3,0.20000000000000284,0.001994017946161544,0.007846153846151106,1.651016656487754,0.016188342319564595,103.9,99.6,97.2,2.3999999999999915,0.02469135802469127,0.005769230769220386,4.8422308908188185,0.04660472464695686,102.9,100.6,85.9,14.699999999999989,0.17112922002328274,-0.02223076923078663,7.001314162355522,0.06803998214145307
河北,130000,0,中等经济水平-上升型,地区生产总值_最新年值=47526.90；人均可支配收入_地区总计_最新年值=34665.00；人均消费支出_地区总计_最新年值=24253.00；地区居民消费价格指数_总指数_最新年值=100.20,22575.967999999997,47526.9,4628.2,42898.700000000004,9.268981461475304,1814.910153846181,13176.58610265102,0.5836554207842172,15534.977999999997,34665.0,3315.0,31350.0,9.457013574660634,1362.7769384615601,10003.17498793938,0.6439130449968697,10939.4848,24253.0,2215.0,22038.0,9.949435665914221,940.9501307692453,6872.90651564307,0.6282660144692618,102.02799999999999,100.2,99.7,0.5,0.0050150451354062184,-0.011692307692311811,1.7833720868063403,0.017479241843477676,104.06800000000001,99.4,97.5,1.9000000000000057,0.019487179487179547,-0.07092307692308907,4.6404068787122545,0.04459014181796762,103.476,99.1,90.1,9.0,0.09988901220865705,-0.12015384615386274,5.97463170413039,0.05773929900779302
四川,510000,0,中等经济水平-上升型,地区生产总值_最新年值=64697.00；人均可支配收入_地区总计_最新年值=34325.00；人均消费支出_地区总计_最新年值=24878.00；地区居民消费价格指数_总指数_最新年值=100.00,26803.4,64697.0,3928.2,60768.8,15.469884425436588,2626.6816923077345,19332.522927398793,0.7212712912316643,14775.4472,34325.0,3001.0,31324.0,10.43785404865045,1371.1951000000222,10108.311941443248,0.6841290016212334,11333.273200000001,24878.0,2430.0,22448.0,9.237860082304527,1005.6423692307852,7365.150848429227,0.6498696994641606,102.19599999999998,100.0,100.1,-0.09999999999999432,-0.0009990009990009422,-0.045769230769235815,1.682255628612965,0.016461071163381788,104.096,99.5,95.5,4.0,0.041884816753926704,-0.043153846153858574,5.458020153865319,0.05243256372834037,103.32,99.3,88.4,10.899999999999991,0.12330316742081437,-0.10469230769232496,5.960671103156086,0.057691357947697315
陕西,610000,0,中等经济水平-上升型,地区生产总值_最新年值=35538.80；人均可支配收入_地区总计_最新年值=33905.00；人均消费支出_地区总计_最新年值=23213.00；地区居民消费价格指数_总指数_最新年值=100.10,15079.608,35538.8,1804.0,33734.8,18.700000000000003,1489.1310000000235,10914.50659817181,0.7237924618578819,14614.611599999998,33905.0,2637.0,31268.0,11.857413727720894,1372.2881846154064,10082.992719471607,0.689925466063813,10682.902399999999,23213.0,2241.0,20972.0,9.358322177599286,906.0155692307831,6604.809797499564,0.6182598651748017,102.05199999999999,100.1,99.5,0.5999999999999943,0.006030150753768787,-0.004769230769235037,1.7946854877665903,0.017585990355569615,103.964,99.1,96.8,2.299999999999997,0.02376033057851237,-0.05100000000001175,4.732431087718024,0.045519901963352934,103.78,99.5,89.8,9.700000000000003,0.10801781737193768,-0.061384615384630824,6.189474937343233,0.05964034435674728
山西,140000,0,中等经济水平-上升型,地区生产总值_最新年值=25494.70；人均可支配收入_地区总计_最新年值=32441.00；人均消费支出_地区总计_最新年值=21090.00；地区居民消费价格指数_总指数_最新年值=100.10,11435.295999999998,25494.7,1845.7,23649.0,12.813024868613534,1009.5513076923231,7501.953551628002,0.6560349248176875,15570.7256,32441.0,2924.0,29517.0,10.094733242134064,1263.908853846172,9323.33242879222,0.5987731508666636,9821.344,21090.0,2163.0,18927.0,8.750346740638003,795.5014615384734,5790.962068332342,0.5896303060286191,102.09999999999998,100.1,103.9,-3.8000000000000114,-0.036573628488931774,-0.051000000000002044,1.9183326093250885,0.018788762089374033,104.088,98.7,95.4,3.299999999999997,0.03459119496855343,-0.06715384615385997,5.218453410733873,0.05013501470615127,103.28000000000002,98.4,90.5,7.900000000000006,0.08729281767955807,-0.0850000000000142,5.7318059981126375,0.05549773429621065
河南,410000,0,中等经济水平-上升型,地区生产总值_最新年值=63590.00；人均可支配收入_地区总计_最新年值=31552.00；人均消费支出_地区总计_最新年值=21956.00；地区居民消费价格指数_总指数_最新年值=100.30,30766.644,63590.0,5053.0,58537.0,11.584603206016228,2689.0895384615787,19563.46356169234,0.6358660230115556,14209.3224,31552.0,2649.0,28903.0,10.910909777274442,1275.080723076943,9322.683189631742,0.6560962533745974,10002.6024,21956.0,1938.0,20018.0,10.329205366357069,838.4414923077054,6159.176885664045,0.6157574438492172,102.152,100.3,99.2,1.0999999999999943,0.011088709677419296,-0.02930769230769783,1.9612485818987864,0.01919931652731994,104.404,98.9,97.5,1.4000000000000057,0.014358974358974418,-0.11461538461539965,5.464831561905637,0.052343124419616464,103.648,99.2,84.8,14.400000000000006,0.16981132075471705,-0.0656153846154029,7.0348344685571655,0.06787236095783002
吉林,220000,0,中等经济水平-上升型,地区生产总值_最新年值=14361.20；人均可支配收入_地区总计_最新年值=31318.00；人均消费支出_地区总计_最新年值=23118.00；地区居民消费价格指数_总指数_最新年值=100.00,7733.592000000001,14361.2,1751.4,12609.800000000001,7.199840127897682,580.4315384615468,4233.451784340527,0.5474108000965822,15294.4524,31318.0,3388.0,27930.0,8.243801652892563,1236.6520615384804,9000.315274377572,0.5884692723210915,11192.736799999999,23118.0,2782.0,20336.0,7.309849029475198,857.2972923077051,6252.013238557781,0.558577705370306,101.97200000000001,100.0,98.6,1.4000000000000057,0.014198782961460505,-0.008538461538466234,1.7219802554036443,0.016886794957475033,103.90800000000002,99.3,95.9,3.3999999999999915,0.035453597497393026,-0.05630769230770412,4.7075190918359535,0.04530468387261763,103.648,100.2,89.1,11.100000000000009,0.12457912457912468,-0.10323076923078546,7.76479851638148,0.07491508293822824
黑龙江,230000,0,中等经济水平-上升型,地区生产总值_最新年值=16476.90；人均可支配收入_地区总计_最新年值=31269.00；人均消费支出_地区总计_最新年值=23467.00；地区居民消费价格指数_总指数_最新年值=100.50,9588.136,16476.9,2855.5,13621.400000000001,4.770232883908248,605.739769230778,4419.174748378254,0.46090029890880285,15227.766000000001,31269.0,3602.0,27667.0,7.681010549694614,1219.376169230788,8880.989921810293,0.5832102963632546,11353.3076,23467.0,2772.0,20695.0,7.465728715728716,887.9194384615522,6466.002158066624,0.5695258497238835,101.936,100.5,98.3,2.200000000000003,0.022380467955239094,0.0043846153846106095,1.8121545187979973,0.01777737520402995,103.74799999999999,98.8,96.0,2.799999999999997,0.029166666666666636,-0.049692307692320484,4.7945902848940065,0.046213809277229505,103.64,101.2,92.3,8.900000000000006,0.09642470205850494,-0.07592307692309049,6.1756942929520084,0.059587941846314246
广西,450000,0,中等经济水平-上升型,地区生产总值_最新年值=28649.40；人均可支配收入_地区总计_最新年值=31125.00；人均消费支出_地区总计_最新年值=21150.00；地区居民消费价格指数_总指数_最新年值=100.20,12612.772000000003,28649.4,2080.0,26569.4,12.773750000000001,1177.73746153848,8631.903628772508,0.6843779962701702,14157.482000000002,31125.0,3013.0,28112.0,9.33023564553601,1241.8719000000194,9088.071923142774,0.6419271395254307,9752.4784,21150.0,2452.0,18698.0,7.625611745513866,814.1989076923205,5965.853256636929,0.6117268874583642,102.12399999999998,100.2,99.7,0.5,0.0050150451354062184,-0.012538461538466565,2.199505398947682,0.021537595461866774,104.37599999999999,98.7,96.6,2.1000000000000085,0.0217391304347827,-0.059230769230783485,6.141223330900774,0.058837504128351106,103.368,100.7,91.6,9.100000000000009,0.09934497816593896,-0.12276923076924623,6.745233576385625,0.06525456211192657
云南,530000,0,中等经济水平-上升型,地区生产总值_最新年值=31534.10；人均可支配收入_地区总计_最新年值=29932.00；人均消费支出_地区总计_最新年值=22280.00；地区居民消费价格指数_总指数_最新年值=100.20,13141.815999999999,31534.1,2030.1,29504.0,14.533274222944684,1309.969230769252,9682.185579534405,0.7367463963530159,13034.388,29932.0,2623.0,27309.0,10.411361036980557,1204.7201076923275,8878.86134873611,0.6811874365513831,9546.4376,22280.0,2202.0,20078.0,9.118074477747502,852.5649076923215,6308.2799751243,0.6607993724406999,102.01599999999999,100.2,97.9,2.299999999999997,0.023493360572012227,-0.004000000000005631,2.055758740708647,0.02015133646397278,104.37199999999999,99.1,94.6,4.5,0.04756871035940804,-0.031076923076937983,5.960840209232251,0.057111487843791935,103.632,101.4,90.6,10.800000000000011,0.11920529801324517,-0.12938461538463214,6.416710683831708,0.061918236489035314
贵州,520000,0,中等经济水平-上升型,地区生产总值_最新年值=22667.10；人均可支配收入_地区总计_最新年值=28561.00；人均消费支出_地区总计_最新年值=20871.00；地区居民消费价格指数_总指数_最新年值=100.10,8955.672,22667.1,1029.9,21637.199999999997,21.0090300029129,967.5776153846309,7195.154476146846,0.8034187134306443,11856.0704,28561.0,2290.0,26271.0,11.472052401746724,1158.6579692307882,8570.230615358016,0.7228559148365057,8804.9548,20871.0,1880.0,18991.0,10.101595744680852,840.6475230769373,6209.68372827932,0.7052487910874137,101.956,100.1,99.5,0.5999999999999943,0.006030150753768787,-0.036307692307697724,2.085584810071266,0.020455733944753286,104.18799999999999,99.7,95.3,4.400000000000006,0.04616998950682063,-0.0759230769230925,6.129033855347839,0.05882667730782662,103.66400000000002,100.7,92.7,8.0,0.08629989212513484,-0.12869230769232332,7.042890315772354,0.06793959634754933
浙江,330000,1,中等经济水平-上升型,地区生产总值_最新年值=90130.60；人均可支配收入_地区总计_最新年值=67013.00；人均消费支出_地区总计_最新年值=45107.00；地区居民消费价格指数_总指数_最新年值=100.30,38302.284,90130.6,6164.8,83965.8,13.620198546587075,3470.45407692313,25461.07193876456,0.6647403047495695,30660.777599999998,67013.0,6719.0,60294.0,8.973656794165798,2608.732200000041,19124.617806642887,0.6237486229521748,20785.664,45107.0,5170.0,39937.0,7.724758220502902,1615.2254000000248,11828.118467925151,0.5690517497023502,101.95200000000001,100.3,101.0,-0.7000000000000028,-0.0069306930693069585,0.007230769230766598,1.6441703074803429,0.016126905872178503,104.23599999999999,100.2,99.5,0.7000000000000028,0.007035175879397014,-0.047846153846164176,4.34021934929561,0.041638391240028494,103.69200000000001,101.3,87.5,13.799999999999997,0.15771428571428567,-0.1696153846154041,7.992342335010431,0.07707771414391111
江苏,320000,1,中等经济水平-上升型,地区生产总值_最新年值=137008.00；人均可支配收入_地区总计_最新年值=55415.00；人均消费支出_地区总计_最新年值=37346.00；地区居民消费价格指数_总指数_最新年值=100.50,59544.664000000004,137008.0,8553.7,128454.3,15.01739598068672,5584.193230769318,40812.65136884768,0.6854124051963358,24989.335600000002,55415.0,4928.0,50487.0,10.244926948051948,2215.3939769231115,16220.266494481299,0.6490875449478255,17065.6184,37346.0,3667.0,33679.0,9.184346877556585,1431.3804846154073,10455.601719853212,0.6126705446462586,102.10799999999999,100.5,100.1,0.4000000000000057,0.003996003996004053,0.0068461538461516884,1.5778263529298777,0.015452524316702685,104.27999999999999,100.2,97.8,2.4000000000000057,0.024539877300613556,-0.005384615384625096,4.472672579118665,0.04289099136093849,103.584,99.1,87.7,11.399999999999991,0.129988597491448,-0.14084615384617255,8.1472292222571,0.07865335594548481
天津,120000,1,中等经济水平-上升型,地区生产总值_最新年值=18024.30；人均可支配收入_地区总计_最新年值=53581.00；人均消费支出_地区总计_最新年值=35804.00；地区居民消费价格指数_总指数_最新年值=100.20,8771.46,18024.3,1591.7,16432.6,10.323930388892379,725.2295384615494,5261.949310664252,0.599894351757205,26344.9864,53581.0,6728.0,46853.0,6.963882282996432,2091.6655923077246,15267.377502456897,0.5795173802958158,19258.5804,35804.0,5018.0,30786.0,6.13511359107214,1400.4365615384822,10220.906083704509,0.5307195998571375,101.91199999999999,100.2,99.6,0.6000000000000085,0.006024096385542255,0.00961538461538093,1.5261245034400057,0.014974924478373557,103.96799999999999,98.5,98.0,0.5,0.00510204081632653,-0.08284615384616564,4.115212752701857,0.0395815323243869,103.99600000000002,100.3,90.3,10.0,0.1107419712070875,-0.14915384615386168,6.101113341022277,0.05866680777166695
广东,440000,1,中等经济水平-上升型,地区生产总值_最新年值=141633.80；人均可支配收入_地区总计_最新年值=51474.00；人均消费支出_地区总计_最新年值=35818.00；地区居民消费价格指数_总指数_最新年值=100.00,64515.28400000001,141633.8,10810.2,130823.59999999999,12.101866755471683,5764.419076923166,42110.99223846125,0.6527289291396632,25538.158000000003,51474.0,7013.38,44460.62,6.339399832890846,1918.3487923077203,14101.77759324008,0.5521846013028848,17930.84,35818.0,5544.0,30274.0,5.460678210678211,1340.5806692307901,9806.470599791955,0.5469052537299957,101.876,100.0,101.4,-1.4000000000000057,-0.013806706114398477,0.017538461538459657,1.7924910041615267,0.017594831011833276,103.86,99.6,98.5,1.0999999999999943,0.011167512690355272,0.031769230769222626,4.582313826005373,0.04412010231085473,102.88,100.7,94.3,6.400000000000006,0.0678685047720043,-0.046769230769241846,4.484551259602236,0.04359011722008395
福建,350000,1,中等经济水平-上升型,地区生产总值_最新年值=57761.00；人均可支配收入_地区总计_最新年值=47857.00；人均消费支出_地区总计_最新年值=33876.00；地区居民消费价格指数_总指数_最新年值=99.90,23938.987999999998,57761.0,3764.5,53996.5,14.343604728383584,2370.741923076961,17527.050457674162,0.73215502917977,22701.3544,47857.0,4977.17,42879.83,8.61530347566991,1850.260000000027,13626.090244772073,0.6002324797313447,15521.8748,33876.0,3752.0,30124.0,8.028784648187633,1302.8917153846367,9540.356016358768,0.6146394130404124,101.796,99.9,102.1,-2.1999999999999886,-0.021547502448579715,-0.017461538461540624,1.7752701202915564,0.017439487998463163,103.82799999999999,99.2,98.6,0.6000000000000085,0.006085192697768849,-0.027538461538472534,4.736456059122686,0.04561829235969764,103.25599999999999,99.7,88.8,10.900000000000006,0.12274774774774781,-0.1449230769230942,7.081699231116781,0.0685839005105445
山东,370000,1,中等经济水平-上升型,地区生产总值_最新年值=98565.80；人均可支配收入_地区总计_最新年值=42077.00；人均消费支出_地区总计_最新年值=25645.00；地区居民消费价格指数_总指数_最新年值=100.20,45124.956,98565.8,8278.1,90287.7,10.906814365615297,3854.3103846154445,28035.045623463215,0.6212758550604064,19132.178799999998,42077.0,4095.0,37982.0,9.275213675213676,1665.2155230769492,12189.09187354934,0.6370989943680299,12264.0112,25645.0,2982.0,22663.0,7.599932930918847,1011.9252461538621,7393.459250502606,0.6028581619774291,101.96,100.2,100.2,0.0,0.0,-0.0070769230769265985,1.5009330431434977,0.014720802698543525,104.26,99.5,97.7,1.7999999999999972,0.01842374616171952,-0.04338461538462677,4.738354144637142,0.04544747884746923,103.48400000000001,99.3,88.3,11.0,0.1245753114382786,-0.05492307692309352,6.201334050025042,0.05992553486553517
辽宁,210000,1,中等经济水平-上升型,地区生产总值_最新年值=32612.70；人均可支配收入_地区总计_最新年值=39844.00；人均消费支出_地区总计_最新年值=25963.00；地区居民消费价格指数_总指数_最新年值=100.20,16826.328,32612.7,4669.1,27943.6,5.984793643314557,1177.2657692307866,8540.559133898436,0.5075711785660207,19494.166400000002,39844.0,4024.0,35820.0,8.90159045725646,1618.4166461538712,11767.840322797341,0.6036595810938261,13729.999199999998,25963.0,3216.0,22747.0,7.073072139303482,1039.0513000000155,7568.837444054361,0.5512627738575806,101.86,100.2,99.9,0.29999999999999716,0.0030030030030029744,0.0035384615384579992,1.5808858276295592,0.015520182874823868,104.0,99.3,97.7,1.5999999999999943,0.016376663254861763,-0.062307692307703125,4.285137103990956,0.041203241384528425,103.436,100.3,88.9,11.399999999999991,0.1282339707536557,-0.08138461538463133,6.583851760178079,0.06365145365422173
上海,310000,2,高经济水平-上升型,地区生产总值_最新年值=53926.70；人均可支配收入_地区总计_最新年值=88366.00；人均消费支出_地区总计_最新年值=52722.00；地区居民消费价格指数_总指数_最新年值=100.00,23747.94,53926.7,4812.2,49114.5,10.20624662316612,1989.6940000000307,14533.814582909747,0.6120031709238674,42798.57,88366.0,11056.0,77310.0,6.992583212735166,3429.9281461538985,25060.57382983127,0.5855469897669775,29150.903600000005,52722.0,8565.0,44157.0,5.155516637478109,1974.194907692336,14318.112000453099,0.491172150164604,101.97200000000001,100.0,102.5,-2.5,-0.024390243902439025,-0.0008461538461556546,1.497336301570226,0.014683798509102751,104.07600000000001,99.3,98.1,1.2000000000000028,0.012232415902140702,-0.08415384615385717,4.108554977117868,0.03947648811558734,103.53200000000001,99.0,92.1,6.900000000000006,0.07491856677524436,-0.21000000000001556,7.425508467438443,0.07172186828650506
北京,110000,2,高经济水平-上升型,地区生产总值_最新年值=49843.10；人均可支配收入_地区总计_最新年值=85415.00；人均消费支出_地区总计_最新年值=49748.00；地区居民消费价格指数_总指数_最新年值=100.10,21259.484,49843.1,3277.8,46565.299999999996,14.20626639819391,1913.418615384645,13993.97614380359,0.6582462746416418,41183.7148,85415.0,9230.0,76185.0,8.254062838569881,3354.353492307743,24470.172136181653,0.5941710759948651,26989.0484,49748.0,7644.0,42104.0,5.508110936682365,1830.6840846154107,13295.37313309098,0.49262104154405756,101.824,100.1,103.5,-3.4000000000000057,-0.03285024154589378,-0.012999999999999814,1.6657202646302876,0.016358817809458356,103.62400000000001,97.8,97.9,-0.10000000000000853,-0.0010214504596527938,-0.07730769230770178,4.17365834730156,0.04027694691675248,102.648,99.0,91.4,7.599999999999994,0.08315098468271329,-0.08976923076924463,5.627654573621234,0.05482478541833483
内蒙古,150000,3,低经济水平-上升型,地区生产总值_最新年值=26314.60；人均可支配收入_地区总计_最新年值=40077.00；人均消费支出_地区总计_最新年值=28113.00；地区居民消费价格指数_总指数_最新年值=100.20,11045.86,26314.6,1539.1,24775.5,16.097394581248782,1016.368384615401,7460.168303248928,0.6753813920553879,18308.1104,40077.0,3379.0,36698.0,10.8606096478248,1626.9883615384872,11870.479275626734,0.64837271658722,13241.748399999999,28113.0,2648.0,25465.0,9.616691842900302,1076.5874230769398,7848.154705177354,0.5926826630520601,102.05599999999998,100.2,101.3,-1.0999999999999943,-0.010858835143139135,-0.037692307692311286,1.5234382166664977,0.014927473315302362,104.108,98.3,97.2,1.0999999999999943,0.01131687242798348,-0.09700000000001369,4.759068816480804,0.04571280609060595,103.836,100.4,93.0,7.400000000000006,0.07956989247311834,-0.121538461538475,5.563084036755153,0.053575677383134485
海南,450000,3,低经济水平-上升型,地区生产总值_最新年值=7935.70；人均可支配收入_地区总计_最新年值=34829.00；人均消费支出_地区总计_最新年值=25908.00；地区居民消费价格指数_总指数_最新年值=100.00,3214.2239999999997,7935.7,526.8,7408.9,14.063971146545178,314.87500000000523,2330.503869171643,0.7250595693304647,15903.2496,34829.0,3479.0,31350.0,9.011210117849958,1401.0395384615601,10273.763686403336,0.6460166283501793,11396.8324,25908.0,2577.0,23331.0,9.053550640279395,995.3103153846313,7313.054077330636,0.6416742670823725,102.168,100.0,101.1,-1.0999999999999943,-0.010880316518298658,0.0007692307692272148,2.1051783772402763,0.020605065942763647,104.036,98.5,98.3,0.20000000000000284,0.002034587995930853,-0.022076923076932695,5.010459459969713,0.04816082375302504,102.7,98.2,91.4,6.799999999999997,0.07439824945295401,-0.08123076923078232,5.15030096207979,0.05014898697253933
宁夏,640000,3,低经济水平-上升型,地区生产总值_最新年值=5502.80；人均可支配收入_地区总计_最新年值=33355.00；人均消费支出_地区总计_最新年值=22865.00；地区居民消费价格指数_总指数_最新年值=99.70,2289.664,5502.8,295.0,5207.8,17.6535593220339,225.2193076923113,1658.8866748226053,0.7245109652868741,14706.068000000001,33355.0,2777.0,30578.0,11.01116312567519,1326.212123076944,9720.36795332687,0.6609766766566609,10851.0152,22865.0,2338.0,20527.0,8.77972626176219,907.4979076923221,6617.568614909932,0.6098570956669503,102.228,99.7,99.6,0.10000000000000853,0.0010040160642571137,-0.03869230769231294,2.0547544865506433,0.020099723036258593,104.27199999999999,97.2,97.2,0.0,0.0,-0.11846153846155158,5.128705099730339,0.049185832243846275,103.704,100.2,91.1,9.100000000000009,0.09989023051591668,-0.08961538461539827,5.677498040510451,0.05474714611307617
西藏,540000,3,低经济水平-上升型,地区生产总值_最新年值=2764.90；人均可支配收入_地区总计_最新年值=31358.00；人均消费支出_地区总计_最新年值=18983.00；地区居民消费价格指数_总指数_最新年值=100.00,969.7720000000002,2764.9,117.8,2647.1,22.47113752122241,104.38900000000173,786.4123257019819,0.8109249655609584,11621.1024,31358.0,2521.0,28837.0,11.438714795715986,1190.3429384615583,9018.671438909072,0.7760598890264552,7628.7396,18983.0,2020.0,16963.0,8.397524752475247,700.3248076923194,5257.3616155798,0.6891520606601647,101.992,100.0,99.9,0.09999999999999432,0.001001001001000944,-0.007846153846157475,1.4655838427056973,0.014369596073277289,103.336,98.8,98.9,-0.10000000000000853,-0.0010111223458039284,-0.025230769230776506,3.423668208223454,0.033131417978472695,102.976,100.4,101.1,-0.6999999999999886,-0.006923837784371797,-0.004615384615389089,3.9904165196129595,0.038750937302021435
新疆,650000,3,低经济水平-上升型,地区生产总值_最新年值=20534.10；人均可支配收入_地区总计_最新年值=30899.00；人均消费支出_地区总计_最新年值=21364.00；地区居民消费价格指数_总指数_最新年值=100.40,8286.596,20534.1,1363.6,19170.5,14.058741566441773,794.5759230769363,5884.643640763985,0.7101400431207199,13817.0304,30899.0,3024.0,27875.0,9.21792328042328,1228.0675538461735,9009.782778266957,0.6520780889551316,10301.6548,21364.0,2375.0,18989.0,7.995368421052632,850.1105846153979,6207.21780247036,0.6025456999850509,102.20800000000001,100.4,99.4,1.0,0.01006036217303823,-0.03676923076923603,2.0979837940270163,0.02052661038301323,103.84800000000001,95.8,95.9,-0.10000000000000853,-0.0010427528675704748,-0.10723076923078231,5.539683745485836,0.05334415439378549,102.884,98.4,88.5,9.900000000000006,0.11186440677966109,0.017153846153831573,5.399679990517956,0.05248318485399048
青海,630000,3,低经济水平-上升型,地区生产总值_最新年值=3950.80；人均可支配收入_地区总计_最新年值=30117.00；人均消费支出_地区总计_最新年值=21204.00；地区居民消费价格指数_总指数_最新年值=100.50,1726.8040000000003,3950.8,263.7,3687.1000000000004,13.982176715965114,163.30200000000258,1197.5841132814012,0.6935263720036559,13401.9676,30117.0,2706.0,27411.0,10.12971175166297,1212.8951461538652,8915.965257861553,0.6652728557455663,10638.3904,21204.0,2275.0,18929.0,8.32043956043956,858.0740769230897,6258.994082737883,0.5883403266285361,102.83599999999998,100.5,99.5,1.0,0.010050251256281407,-0.05423076923077491,2.198341192808796,0.021377155789886776,104.42400000000002,98.3,97.8,0.5,0.005112474437627812,-0.10992307692308918,5.102335151673202,0.04886170948894125,103.6,99.8,94.4,5.3999999999999915,0.05720338983050838,-0.023384615384626224,4.857818440411291,0.04689013938620938
甘肃,620000,3,低经济水平-上升型,地区生产总值_最新年值=13002.90；人均可支配收入_地区总计_最新年值=26612.00；人均消费支出_地区总计_最新年值=19829.00；地区居民消费价格指数_总指数_最新年值=100.40,5562.0,13002.9,1052.9,11950.0,11.34960585050812,489.77138461539244,3590.1296016717833,0.6454745777906838,12988.652399999999,26612.0,1514.12,25097.88,16.575885662959344,956.2111461538582,7095.018534782995,0.5462474717379453,9031.1368,19829.0,1814.5,18014.5,9.928079360705429,816.8161538461669,6008.534051752537,0.6653131477039012,102.27600000000001,100.4,99.5,0.9000000000000057,0.009045226130653323,-0.04376923076923503,1.9150519575196916,0.018724353294220456,104.00800000000001,98.6,97.6,1.0,0.010245901639344263,-0.06384615384616445,4.579250593710723,0.04402786894960698,103.95200000000001,100.4,94.1,6.300000000000011,0.06695005313496293,-0.0687692307692428,5.52819102419589,0.053180227645412206
